,df,sum_sq,mean_sq,F,PR(>F)
C(ProviderCategoryService),9.0,2694808682.9457927,299423186.99397695,0.49456728578513315,0.8792523342549073
Residual,9452.0,5722473048281.321,605424571.3374228,,
